PC1,PC2,variable
0.28758445773070723,0.2944857607598081,wheelbase
0.32935845099369726,0.16795507934322354,carlength
0.3275172562956839,0.10065018956715918,carwidth
0.10528565077965223,0.4169084235662982,carheight
0.35515966703284035,0.059001907627656995,curbweight
0.3208507360391535,-0.04773962510586521,enginesize
0.26323330877802453,-0.007745572911533637,boreratio
0.052697987160007675,0.10337326871127965,stroke
