attribute,PC1,PC2
wheelbase,0.35623510112804835,-0.3743049572465008
carlength,0.39564263563984226,-0.206040340947412
carwidth,0.39071745055531515,-0.032799981025760434
carheight,0.14901332647377494,-0.7078757234567365
curbweight,0.41542909661999594,0.036775988472320165
enginesize,0.3664844552857353,0.25282598435162057
horsepower,0.32842425462262376,0.45054913085971454
highwaympg,-0.3562915640932432,-0.21682095668628418
