PC,Variance
PC1,0.6813741748672587
PC2,0.18307070242608786
